date,Type 1 Departments - Major A&E,Type 2 Departments - Single Specialty,Type 3 Departments - Other A&E/Minor Injury Unit,Total Attendances < 4 hours,Type 1 Departments - Major A&E.1,Type 2 Departments - Single Specialty.1,Type 3 Departments - Other A&E/Minor Injury Unit.1,Total Attendances > 4 hours,Percentage in 4 hours or less (all),Percentage in 4 hours or less (type 1),Percentage in 4 hours or less (type 2),Percentage in 4 hours or less (type 3)
2010-11-01,1065456.1428571427,53584.000000000015,485550.85714285704,1604590.9999999998,45838.428571428565,143.4285714285714,454.57142857142867,46436.42857142858,0.9718742234272824,0.9587522248826401,0.9973304404241515,0.9990646782898956
2010-12-01,1070728.5714285707,45395.85714285714,531699.4285714289,1647823.8571428575,88475.2857142857,140.57142857142856,1301.4285714285709,89917.28571428568,0.9482562255696805,0.9236758183911199,0.9969129896001632,0.9975582992897895
2011-01-01,1061897.9999999995,51420.57142857143,541588.8571428572,1654907.4285714286,71982.57142857139,164.2857142857143,742.4285714285719,72889.28571428572,0.9578137375122752,0.9365166197901417,0.9968152337064587,0.9986310423333761
2011-02-01,1007384.714285714,51153.42857142858,493882.9999999997,1552421.1428571437,46322.42857142856,95.85714285714288,524.5714285714286,46942.857142857174,0.9706490472820088,0.9560386119754065,0.9981295906563158,0.9989389898964215
2011-03-01,1167089.8571428563,57694.85714285714,579483.5714285714,1804268.2857142857,58132.142857142855,205.5714285714285,835.0,59172.7142857143,0.9682454586511114,0.9525537879199502,0.9964495698280053,0.9985611351400585
2011-04-01,1140917.428571429,53787.857142857145,592289.7142857146,1786994.9999999995,56295.28571428573,254.57142857142864,830.0000000000001,57379.85714285712,0.9688892651509331,0.9529780422120953,0.995289415459282,0.9986006197737002
2011-05-01,1168080.1428571432,56642.99999999999,594166.5714285716,1818889.7142857153,53607.28571428571,424.00000000000006,774.1428571428572,54805.42857142857,0.9707500823811406,0.9561202935705322,0.9925701368566773,0.9986987899154418
2011-06-01,1117614.857142857,54549.99999999999,561550.7142857141,1733715.5714285723,50853.00000000001,189.42857142857133,659.2857142857146,51701.714285714275,0.9710422237426529,0.9564789055264677,0.9965394492348164,0.9988273319323995
2011-07-01,1167234.2857142852,55995.428571428594,596844.2857142854,1820073.9999999993,43831.57142857142,208.28571428571425,845.5714285714279,44885.42857142856,0.9759322225010487,0.9638074418744008,0.9962940934254473,0.9985852672276998
2011-08-01,1091366.5714285716,51774.42857142857,569890.7142857143,1713031.714285714,44434.857142857145,115.85714285714293,525.8571428571428,45076.57142857146,0.9743607536607123,0.9608779703695691,0.9977672672011276,0.9990781173458194
2011-09-01,1107670.5714285714,52149.57142857141,565998.0,1725818.1428571432,54472.28571428572,179.7142857142858,740.4285714285716,55392.4285714286,0.9689018078715967,0.9531277197295636,0.9965657034438514,0.9986935267945479
2011-10-01,1139226.5714285716,54241.142857142884,592992.0000000001,1786459.714285714,61481.28571428576,206.14285714285725,765.2857142857138,62452.71428571427,0.9662219187233391,0.9487957996205809,0.9962139002075402,0.9987111135598697
2011-11-01,1076773.8571428563,51633.142857142855,553902.0000000001,1682309.0000000002,58185.57142857145,139.28571428571428,807.0,59131.857142857145,0.9660442920583169,0.948733346793013,0.9973096546148391,0.9985451831500841
2011-12-01,1069765.5714285711,47846.71428571429,541601.5714285712,1659213.8571428566,71840.85714285713,114.14285714285715,876.9999999999999,72831.99999999994,0.9579503050108951,0.9370703813986432,0.9976200830439108,0.998383346280959
2012-01-01,1064830.8571428568,51547.71428571426,547392.8571428572,1663771.4285714286,73084.71428571425,59.42857142857144,602.4285714285713,73746.57142857142,0.9575563698168471,0.9357731661989988,0.9988484429065744,0.9989006683321311
2012-02-01,1036193.2857142859,51048.7142857143,531562.5714285714,1618804.5714285714,84229.71428571426,106.85714285714289,1090.5714285714282,85427.14285714283,0.9498735165288557,0.9248232905913979,0.9979111338242728,0.9979525673635912
2012-03-01,1197372.0000000007,58318.85714285714,610515.0,1866205.8571428568,65710.2857142857,255.42857142857144,981.2857142857139,66946.99999999999,0.9653690085847916,0.9479762431494114,0.9956392371103848,0.9983952711779116
2012-04-01,1086165.2857142854,51510.85714285715,567286.1428571427,1704962.2857142854,63468.42857142858,178.42857142857142,914.1428571428572,64561.00000000002,0.9635150322568717,0.944792478001689,0.9965480549989636,0.9983911608632972
2012-05-01,1191009.142857143,56278.85714285715,620761.7142857146,1868049.7142857139,60405.14285714286,137.85714285714278,977.7142857142861,61520.71428571427,0.9681168858235139,0.9517304992066119,0.9975564485702059,0.9984274533015209
2012-06-01,1161692.714285714,53766.14285714287,610943.142857143,1826402.0,60391.571428571435,190.85714285714292,856.8571428571431,61439.28571428572,0.9674552695826655,0.9505831372397742,0.9964627917998194,0.9985994489328912
2012-07-01,1193640.0000000002,55174.99999999998,619274.7142857142,1868089.7142857155,55313.2857142857,216.857142857143,903.4285714285719,56433.571428571435,0.9706765972397023,0.955712286162367,0.9960850357066408,0.9985432756993555
2012-08-01,1143645.0000000002,52793.14285714286,594097.1428571426,1790535.2857142854,53738.85714285711,111.71428571428571,756.4285714285717,54606.99999999998,0.9704049923830884,0.9551197748138293,0.9978883926401573,0.998728378532532
2012-09-01,1120086.5714285711,51401.714285714304,557892.4285714282,1729380.7142857139,58274.142857142855,124.4285714285714,711.5714285714287,59110.14285714287,0.9669497092361029,0.9505464310285778,0.9975851370871375,0.9987261612366338
2012-10-01,1146458.5714285714,53229.428571428565,563747.8571428569,1763435.8571428577,67974.85714285714,193.57142857142867,699.9999999999997,68868.42857142854,0.9624143057960586,0.9440275147705561,0.9963766275092857,0.9987598500177797
2012-11-01,1098823.8571428573,51587.28571428569,535179.7142857143,1685590.8571428573,69084.14285714287,217.42857142857136,712.7142857142853,70014.28571428572,0.9601195713061415,0.940847958180659,0.9958029192048159,0.998670042255282
2012-12-01,1106158.4285714289,47415.428571428565,571665.142857143,1725238.9999999998,95921.85714285719,138.0,1126.7142857142853,97186.57142857139,0.9466718570282197,0.9202034520632209,0.9970980010454407,0.9980329429064609
2013-01-01,1056300.428571429,49386.14285714286,532870.4285714288,1638556.9999999998,93536.71428571428,132.2857142857143,892.4285714285709,94561.42857142857,0.945438564951748,0.918652206647898,0.997328555891169,0.9983280429511233
2013-02-01,992425.9999999995,48708.42857142856,513501.71428571426,1554636.1428571425,92906.71428571435,262.0000000000001,943.5714285714289,94112.28571428572,0.9429189535023059,0.9143979416976676,0.994649832406146,0.9981658468747336
2013-03-01,1106665.7142857139,53888.28571428573,583535.1428571428,1744089.142857143,119530.7142857143,330.7142857142856,1133.5714285714282,120995.00000000003,0.935126251293603,0.9025191139848835,0.9939003986478119,0.9980611731038896
2013-04-01,1080364.0,53977.28571428575,576957.4285714283,1711298.7142857139,118725.14285714277,328.71428571428567,1067.857142857143,120121.71428571429,0.9344106288148083,0.9009872255416731,0.9939469987530976,0.9981525771116785
2013-05-01,1166192.8571428568,54434.14285714285,606220.0000000002,1826847.0000000012,63554.571428571406,294.42857142857144,974.2857142857141,64823.28571428571,0.9657322493228206,0.9483190044134499,0.9946202036021926,0.9983954300341619
2013-06-01,1136079.142857143,54396.57142857142,584220.5714285714,1774696.285714285,55273.2857142857,192.85714285714286,873.8571428571428,56339.99999999998,0.9692305387721895,0.9536045888784019,0.9964671338773075,0.9985064681866981
2013-07-01,1217422.4285714286,55252.7142857143,638025.0,1910700.1428571427,64277.42857142857,283.28571428571445,1028.0000000000002,65588.71428571429,0.9668121823140081,0.9498498589874897,0.9948990616125447,0.9983913697298972
2013-08-01,1122312.2857142861,53055.571428571435,596827.142857143,1772194.9999999998,67359.14285714288,183.57142857142864,853.4285714285716,68396.14285714286,0.9628401217062407,0.9433800449103594,0.9965519462049942,0.9985720991910634
2013-09-01,1082967.2857142854,52174.00000000003,559063.7142857144,1694205.0,73601.85714285713,137.57142857142856,804.2857142857142,74543.7142857143,0.9578551132313796,0.9363619048654246,0.9973701530117619,0.9985634368917571
2013-10-01,1121110.2857142857,52579.57142857141,576489.4285714286,1750179.2857142847,78148.2857142857,125.71428571428574,976.0000000000001,79249.99999999997,0.9566804791970642,0.9348361666315259,0.9976147689171864,0.9983098555312402
2013-11-01,1069366.8571428566,50503.571428571435,542384.9999999998,1662255.428571429,69745.28571428571,127.00000000000004,908.8571428571428,70781.14285714284,0.959157732719514,0.9387722392815958,0.9974916340776606,0.9983271352493533
2013-12-01,1088947.0,47722.57142857141,561310.2857142859,1697979.857142857,83064.14285714283,86.00000000000001,899.1428571428568,84049.28571428568,0.9528350666703863,0.929126831802428,0.9982011593856451,0.9984006976556271
2014-01-01,1059249.285714286,50884.42857142857,545409.4285714286,1655543.142857143,83034.2857142857,175.14285714285717,786.2857142857141,83995.71428571429,0.9517138039539543,0.9273085179624524,0.9965698329961922,0.9985604322887923
2014-02-01,996819.7142857143,47539.285714285725,528354.1428571428,1572713.142857142,87923.99999999999,165.42857142857142,1011.8571428571431,89101.28571428571,0.9463831314842529,0.9189449094361459,0.9965322385029333,0.998088549051399
2014-03-01,1185253.4285714286,55587.571428571435,630671.142857143,1871512.1428571444,84182.71428571425,210.5714285714287,1435.428571428571,85828.71428571429,0.9561503485851723,0.9336849555139948,0.9962261928840438,0.997729135186517
2014-04-01,1125630.0000000002,51902.71428571427,611186.0,1788718.7142857139,87435.85714285712,130.99999999999991,1390.2857142857144,88957.14285714283,0.9526238021761096,0.9279215908781775,0.9974824015198936,0.9977304284434312
2014-05-01,1186776.1428571427,54221.14285714286,634841.428571429,1875838.7142857139,100556.99999999996,224.5714285714286,1408.142857142857,102189.71428571426,0.9483375906990792,0.9218873525023826,0.995875314861461,0.997786807378147
2014-06-01,1174433.142857143,54697.8571428571,620273.2857142857,1849404.2857142847,90778.00000000003,299.28571428571433,1786.4285714285704,92863.71428571428,0.9521880017146376,0.9282507109485283,0.9945581588653956,0.9971282040447197
2014-07-01,1208069.8571428568,55480.71428571431,633808.2857142856,1897358.8571428566,94518.57142857139,311.8571428571429,1441.5714285714275,96272.0,0.95171021773912,0.927437884940962,0.994410418181632,0.9977307016879072
2014-08-01,1100823.285714286,52822.28571428572,574784.7142857144,1728430.2857142852,87323.42857142857,228.99999999999991,1327.2857142857147,88879.71428571426,0.95109270609543,0.9265045069590372,0.995683422241012,0.997696132498046
2014-09-01,1123718.7142857146,51918.14285714287,577799.142857143,1753436.0000000002,98062.85714285709,277.142857142857,1509.714285714286,99849.71428571433,0.946122870577353,0.9197378161235508,0.9946902703309275,0.9973939388857954
2014-10-01,1132970.2857142864,54247.14285714285,586178.4285714288,1773395.8571428573,117143.85714285709,181.14285714285708,1653.1428571428569,118978.1428571429,0.9371275747515327,0.906293471030474,0.9966718985401498,0.9971877269995463
2014-11-01,1087855.0,52038.71428571428,570835.4285714285,1710729.1428571437,117664.28571428564,290.7142857142856,1776.1428571428573,119731.14285714291,0.9345895981510349,0.9023953518548913,0.9944445354430449,0.9968981715603272
2014-12-01,1052856.8571428563,47492.285714285725,608722.8571428574,1709071.9999999993,189037.85714285716,167.2857142857142,2949.857142857144,192155.00000000006,0.8989310587320714,0.8477827025364353,0.9964899870210451,0.9951773929522068
2015-01-01,972839.4285714279,50737.571428571435,555333.5714285714,1578910.571428571,151201.00000000003,162.85714285714286,1792.5714285714298,153156.42857142855,0.9115759213867428,0.8654843756890798,0.9968004759993601,0.9967824675765914
2015-02-01,941203.1428571424,47961.14285714286,532814.2857142854,1521978.571428571,131248.42857142855,195.71428571428572,1423.7142857142858,132867.85714285716,0.9197098565468957,0.8776183166978835,0.9959358999460097,0.9973350561253331
2015-03-01,1112665.7142857139,56021.28571428574,633086.0,1801773.0000000005,138659.1428571429,361.71428571428555,2173.1428571428573,141194.0000000001,0.9273307266669994,0.8891901315108991,0.993584692447825,0.9965791238401246
2015-04-01,1083542.4285714286,51843.71428571426,611982.2857142856,1747368.428571429,123088.85714285719,521.9999999999999,2188.428571428572,125799.28571428564,0.9328414189744585,0.8979896687578487,0.9900316455696202,0.9964367747915598
2015-05-01,1146859.4285714286,54317.999999999985,626007.0000000006,1827184.4285714286,107585.714285714,491.4285714285715,2207.285714285715,110284.428571429,0.943078089660722,0.9142364136859145,0.9910338679997707,0.9964864127345082
2015-06-01,1152550.0,53159.00000000001,606176.0000000001,1811885.0,96663.0,238.99999999999997,2422.0,99323.9999999999,0.9480308014455772,0.9226208821073748,0.9955241769354658,0.996020361552289
2015-07-01,1176360.0,52959.0,626101.0,1855420.0,95163.0,458.0,1854.0,97475.0,0.9500869222359625,0.9251582551003796,0.9914259505400902,0.9970475591403842
2015-08-01,1111430.0,49222.0,598012.0,1758664.0,104396.0,236.0,1843.0,106475.0,0.9429131019189454,0.9141357398180332,0.9952282744955315,0.9969275908344517
2015-09-01,1101364.0,50432.0,585072.0,1736868.0,120230.0,436.0,2445.0,123111.0,0.93381054302226,0.9015794118176743,0.991428796099709,0.995838418292577
2015-10-01,1117242.0,49746.0,608566.0,1775554.0,144153.0,529.0,2872.0,147554.0,0.9232731599057359,0.885719382112661,0.9894778717056191,0.9953028761706011
2015-11-01,1075801.0,47831.0,587131.0,1710763.0,160493.0,475.0,2504.0,163472.0,0.9127793473070346,0.8701821734959484,0.990166852978926,0.995753305010727
2015-12-01,1067228.0,45807.0,586013.0,1699048.0,165737.0,341.0,2526.0,168604.0,0.9097240813599108,0.8655785038504743,0.9926107306925543,0.9957080159513643
2016-01-01,1037870.0,46773.42857143,605991.0,1690634.42857143,212135.0,435.0,3716.0,216286.0,0.8865783822128169,0.8302926788292847,0.9907855437437022,0.9939052692522802
2016-02-01,994262.0,47731.0,599702.0,1641695.0,224110.0,656.0,4315.0,229081.0,0.8775476059132681,0.8160578214207155,0.9864426395519458,0.9928561613332075
2016-03-01,1091694.0,49356.0,680669.0,1821719.0,258679.0,550.0,6605.0,265834.0,0.872657604381781,0.8084388535612013,0.988979281048371,0.9903895680616465
2016-04-01,1031657.0,49670.0,600332.0,1681659.0,182400.0,689.0,3033.0,186122.0,0.9003512724457525,0.8497599371363947,0.9863182350721817,0.9949731920147837
2016-05-01,1156105.0,51584.0,661322.0,1869011.0,197101.0,596.0,3632.0,201329.0,0.9027555860390081,0.854345162525144,0.9885779992334228,0.9945379680398945
2016-06-01,1100964.0,51783.0,621143.0,1773890.0,181535.0,397.0,2980.0,184912.0,0.9055994429248081,0.8584521313466911,0.9923917209658873,0.9952253001411581
2016-07-01,1155474.0,52407.0,669180.0,1877061.0,198003.0,554.0,3416.0,201973.0,0.9028524786030435,0.8537078945560213,0.9895394724419856,0.9949211711041992
2016-08-01,1083307.0,51854.0,623321.0,1758482.0,171132.0,550.0,2737.0,174419.0,0.909763097023593,0.863578858756783,0.9895046179680941,0.9956282005820547
2016-09-01,1098740.0,52114.0,619013.0,1769867.0,178838.0,407.0,3352.0,182597.0,0.9064786853944554,0.860017940196215,0.992250718760115,0.9946140930161561
2016-10-01,1102967.0,50464.0,629248.0,1782679.0,214604.0,556.0,3977.0,219137.0,0.8905308979446662,0.8371214909860645,0.9891023128185026,0.9937194520115283
2016-11-01,1040079.0,49660.0,596419.0,1686158.0,218126.0,319.0,3268.0,221713.0,0.8837903610883545,0.8266371537229624,0.9936173192740951,0.9945504905058805
2016-12-01,1013156.0,45290.0,617303.0,1675749.0,263977.0,279.0,4562.0,268818.0,0.8617594559611471,0.7933050042556257,0.993877416664838,0.9926640026372283
2017-01-01,960146.0,47633.0,605881.0,1613660.0,277031.0,406.0,4175.0,281612.0,0.851413411900772,0.7760781197839921,0.9915485334832116,0.9931563659729599
2017-02-01,915403.0,45394.0,558406.0,1519203.0,212506.0,339.0,3571.0,216416.0,0.8753090395991286,0.8115929565239749,0.992587409529224,0.9936456474197343
2017-03-01,1113881.0,52671.0,647890.0,1814442.0,195626.0,684.0,5082.0,201392.0,0.9000949482943537,0.8506109551151693,0.9871802080404836,0.992217124164589
2017-04-01,1074366.0,46813.0,643653.0,1764832.0,179377.0,737.0,4816.0,184930.0,0.9051525263083392,0.8569268183351771,0.9845005257623554,0.9925732764403541
2017-05-01,1140074.0,50490.0,663353.0,1853917.0,207223.0,547.0,5102.0,212872.0,0.8970035160821932,0.8461935267428042,0.9892822854007877,0.9923674742503235
2017-06-01,1116618.0,50188.0,642305.0,1809111.0,180259.0,424.0,4262.0,184945.0,0.9072518525056468,0.8610053227869721,0.991622540109065,0.9934082624074535
2017-07-01,1153599.0,49842.0,670322.0,1873763.0,195049.0,527.0,4605.0,200181.0,0.9034781074127363,0.8553744194185584,0.9895372153507117,0.9931770398872767
2017-08-01,1073662.0,47408.0,616886.0,1737956.0,182993.0,504.0,3210.0,186707.0,0.9029923680145563,0.8543808762150311,0.9894807146435131,0.9948233821859841
2017-09-01,1068942.0,46860.0,611132.0,1726934.0,195015.0,390.0,3622.0,199027.0,0.8966609396555797,0.8457107322480116,0.9917460317460317,0.9941082123906473
2017-10-01,1124093.0,49856.0,664586.0,1838535.0,201118.0,342.0,4142.0,205602.0,0.8994186788850258,0.8482369977309274,0.9931869795609387,0.9938061513799332
2017-11-01,1064496.0,47776.0,642617.0,1754889.0,217417.0,447.0,4218.0,222082.0,0.8876655246839736,0.8303964465607261,0.990730564253572,0.9934790170599921
2017-12-01,996727.0,41837.0,664497.0,1703061.0,292860.0,321.0,7712.0,300893.0,0.8498503458662225,0.7729040382696165,0.9923857868020305,0.9885273776459405
2018-01-01,969985.0,49495.0,686577.0,1706057.0,287041.0,492.0,6496.0,294029.0,0.8529918213516818,0.7716507057133265,0.990157440934643,0.9906272499433681
2018-02-01,885797.0,41332.0,620696.0,1547825.0,265960.0,570.0,5657.0,272187.0,0.8504476893558943,0.7690832354394199,0.9863968307002052,0.9909683517122134
2018-03-01,993095.0,45703.0,695755.0,1734553.0,306701.0,952.0,7579.0,315232.0,0.8462121637147311,0.7640391261397943,0.9795948987246812,0.9892241808301604
2018-04-01,1025362.0,46157.0,686086.0,1757605.0,220986.0,1099.0,4679.0,226764.0,0.8857248828216929,0.8226931803958445,0.9767436939224649,0.9932263504954651
2018-05-01,1153259.0,48511.0,754686.0,1956456.0,201452.0,708.0,5842.0,208002.0,0.9039011151983545,0.8512952208995129,0.9856153111603243,0.9923184945195969
2018-06-01,1118941.0,48801.0,732782.0,1900524.0,187798.0,834.0,4786.0,193418.0,0.9076297242234981,0.8562849964683078,0.9831973405862798,0.9935111067725281
2018-07-01,1139867.0,48988.0,758217.0,1947072.0,225992.0,858.0,5974.0,232824.0,0.8931949047110505,0.8345422184866813,0.9827869839104442,0.9921825826265946
2018-08-01,1051958.0,48589.0,692068.0,1792615.0,200809.0,528.0,3902.0,205239.0,0.8972702710007838,0.8397076232052728,0.9892501577865097,0.9943934364986997
2018-09-01,1052878.0,47000.0,684061.0,1783939.0,216210.0,622.0,4924.0,221756.0,0.8894368286304747,0.8296335636299453,0.9869388097937928,0.9928532551506927
2018-10-01,1097167.0,50587.0,703188.0,1850942.0,222865.0,695.0,4990.0,228550.0,0.8900933497219513,0.8311669717097767,0.9864474864474865,0.9929537489162329
2018-11-01,1059425.0,47788.0,678032.0,1785245.0,245928.0,677.0,5997.0,252602.0,0.8760446687116353,0.8116003870217482,0.9860311565046941,0.9912328278479421
2018-12-01,1037320.0,42668.0,690016.0,1770004.0,270039.0,404.0,7071.0,277514.0,0.8644632183941728,0.7934469415057379,0.9906203566121843,0.98985635939273
2019-01-01,1022576.0,46983.0,713158.0,1782717.0,321778.0,633.0,8285.0,330696.0,0.843525141560121,0.7606448896644783,0.9867061491935484,0.9885160712627331
2019-02-01,935100.0,43517.0,667942.0,1646559.0,299228.0,666.0,8494.0,308388.0,0.8422525009629417,0.7575782125982721,0.9849263291311138,0.9874430101295614
2019-03-01,1091504.0,49703.0,736094.0,1877301.0,281557.0,787.0,7906.0,290250.0,0.8660931161481321,0.7949421038103915,0.9844127550009903,0.9893736559139785
2019-04-01,1026604.0,48481.0,722899.0,1797984.0,304221.0,800.0,9160.0,314181.0,0.8512516777808552,0.7714042041590743,0.983766563178507,0.9874873473312943
2019-05-01,958786.0,42772.0,692743.0,1694301.0,253619.0,639.0,7207.0,261465.0,0.8663106936105853,0.7908133008359418,0.9852802285135104,0.9897035502535896
2019-06-01,930754.0,41148.0,666559.0,1638461.0,250465.0,781.0,7336.0,258582.0,0.8636920723462779,0.7879605729335543,0.9813732738677288,0.9891140311176073
2019-07-01,990283.0,43991.0,729722.0,1763996.0,264384.0,751.0,10380.0,275515.0,0.8649112458819785,0.7892795458874745,0.9832148764024854,0.9859749061615831
2019-08-01,919189.0,41225.0,693581.0,1653995.0,254243.0,657.0,7830.0,262730.0,0.8629276500280426,0.7833338446539723,0.9843130700539612,0.9888367875610733
2019-09-01,915506.0,40216.0,674454.0,1630176.0,273446.0,815.0,7936.0,282197.0,0.852436214064934,0.7700109003559438,0.980136969608345,0.9883702867861487
2019-10-01,908243.0,42104.0,685197.0,1635544.0,311503.0,886.0,7636.0,320025.0,0.836351977352883,0.7446165021242127,0.9793905559432426,0.9889785850269834
2019-11-01,863910.0,39579.0,668078.0,1571567.0,347294.0,846.0,9988.0,358128.0,0.8144121221229261,0.7132654779871929,0.9790723562152134,0.9852698704845841
2019-12-01,834037.0,36741.0,695084.0,1565862.0,381159.0,468.0,14571.0,396198.0,0.7980703954007523,0.6863394876217499,0.9874223978069822,0.9794674877229076
2020-01-01,836435.0,41930.0,676950.0,1555315.0,338870.0,665.0,9241.0,348776.0,0.816828082271278,0.7116748418495624,0.9843878389482333,0.9865329041039594
2020-02-01,799611.0,38016.0,630752.0,1468379.0,296195.0,465.0,8647.0,305307.0,0.8278686306369899,0.7297012427382219,0.9879161144460903,0.9864763629595917
2020-03-01,685711.0,28127.0,448258.0,1162096.0,212557.0,257.0,3987.0,216801.0,0.8427721577463726,0.7633701746026799,0.990945603156708,0.9911839821335781
2020-04-01,530642.0,17516.0,191313.0,739471.0,77357.0,44.0,734.0,78135.0,0.904434409727913,0.8727678828419125,0.9974943052391799,0.9961780189224513
2020-05-01,741249.0,23233.0,285102.0,1049584.0,71894.0,57.0,910.0,72861.0,0.9350872425820419,0.9115850471565272,0.9975525976814084,0.9968183153154413
2020-06-01,806396.0,26456.0,332283.0,1165135.0,89368.0,152.0,1191.0,90711.0,0.9277690098945253,0.9002326505642111,0.9942874323511726,0.9964285071699742
2020-07-01,875764.0,27437.0,397860.0,1301061.0,111270.0,163.0,1845.0,113278.0,0.9199074620723886,0.8872683210507439,0.9940942028985508,0.9953840957706308
2020-08-01,876520.0,26962.0,464218.0,1367700.0,162951.0,313.0,2835.0,166099.0,0.8917074531930195,0.8432366078514937,0.9885242896425298,0.993930025072101
2020-09-01,837766.0,27683.0,454491.0,1319940.0,188521.0,287.0,3286.0,192094.0,0.8729565605006236,0.8163077189908866,0.9897390060779406,0.9928218324642785
2020-10-01,755357.0,26530.0,416340.0,1198227.0,218178.0,317.0,2507.0,221002.0,0.8442802394821414,0.7758909541002634,0.9881923492382761,0.9940145208154768
2020-11-01,696824.0,25598.0,381915.0,1104337.0,210250.0,366.0,2137.0,212753.0,0.8384673788427518,0.7682107523752196,0.9859035587736866,0.994435649339152
2020-12-01,657248.0,24012.0,368589.0,1049849.0,255051.0,261.0,2542.0,257854.0,0.8028191416552535,0.7204304729041685,0.989247311827957,0.9931506664762577
2021-01-01,578346.0,20905.0,313524.0,912775.0,247232.0,253.0,2326.0,249811.0,0.7851247133545389,0.7005346557199925,0.9880423480480197,0.992635744815577
2021-02-01,613071.0,22505.0,316139.0,951715.0,179397.0,357.0,2581.0,182335.0,0.8392178475375865,0.773622404942534,0.9843845682792407,0.9919019829317269
2021-03-01,815451.0,28309.0,450988.0,1294748.0,203015.0,559.0,4755.0,208329.0,0.8613983182498302,0.8006659034273113,0.9806359983372592,0.9895664881303717
2021-04-01,868744.0,28225.0,519024.0,1415993.0,234255.0,461.0,8205.0,242921.0,0.8535662487627448,0.787619934378907,0.9839294429338353,0.9844375024894306
2021-05-01,933355.0,31273.0,579959.0,1544587.0,289681.0,474.0,10753.0,300908.0,0.8369499781901333,0.7631459744439247,0.9850694553816108,0.9817965438318503
2021-06-01,920100.0,31075.0,608622.0,1559797.0,337587.0,603.0,20648.0,358838.0,0.8129722432875456,0.7315810690577226,0.9809647073678894,0.967187375848205
2021-07-01,846949.0,31365.0,614804.0,1493118.0,405163.0,853.0,21987.0,428003.0,0.7772118466249653,0.6764163269739448,0.9735241169532559,0.9654721878921028
2021-08-01,777084.0,32014.0,585840.0,1394938.0,397235.0,796.0,18246.0,416277.0,0.7701669873537929,0.6617316078510184,0.9757391039317281,0.9697956913419612
2021-09-01,778556.0,32276.0,610321.0,1421153.0,438530.0,912.0,28768.0,468210.0,0.7521863188810197,0.6396885676114917,0.9725201880197661,0.954985925278013
2021-10-01,768883.0,31772.0,622226.0,1422881.0,472548.0,850.0,28244.0,501642.0,0.7393421642661584,0.6193521830854877,0.9739439641959414,0.9565790889664396
2021-11-01,724210.0,31218.0,589324.0,1344752.0,445743.0,872.0,24365.0,470980.0,0.7406114999350124,0.6190077721070847,0.9728264256777812,0.9602974796680404
2021-12-01,669334.0,27991.0,527762.0,1225087.0,423880.0,809.0,18558.0,443247.0,0.7343175886842802,0.6122625579255296,0.9719097222222223,0.9660308976424073
2022-01-01,678684.0,29204.0,531539.0,1239427.0,410646.0,933.0,16025.0,427604.0,0.7434936722832389,0.6230288342375588,0.9690413777084647,0.9707340146539948
2022-02-01,641197.0,30159.0,518319.0,1189675.0,412179.0,1128.0,20480.0,433787.0,0.732801260516107,0.6087066726411082,0.963946687122447,0.9619895359865182
2022-03-01,729899.0,33382.0,624812.0,1388093.0,514135.0,1157.0,34481.0,549773.0,0.7162997854340806,0.5867194948048043,0.966501635831958,0.9477000362509537
2022-04-01,679866.0,30920.0,600666.0,1311452.0,472636.0,1233.0,29879.0,503748.0,0.7224834728955487,0.5899043992982225,0.9616521008926072,0.9526140085164422
2022-05-01,756611.0,34236.0,661541.0,1452388.0,503222.0,1182.0,37285.0,541689.0,0.7283510115206183,0.6005645192656487,0.966627138743012,0.9466462323954747
2022-06-01,720645.0,33584.0,654910.0,1409139.0,506218.0,1130.0,39053.0,546401.0,0.7205881751332113,0.587388322901579,0.9674482917554877,0.9437246654360535
2022-07-01,698972.0,32301.0,653457.0,1384730.0,524161.0,1138.0,38151.0,563450.0,0.7107813446396124,0.5714603399630294,0.9659678818146475,0.9448372488461672
2022-08-01,660688.0,33319.0,580842.0,1274849.0,477571.0,1210.0,24691.0,503472.0,0.7168835097825421,0.5804373169902456,0.9649569926728258,0.9592243527602955
2022-09-01,649490.0,32200.0,592008.0,1273698.0,492015.0,1986.0,24826.0,518827.0,0.7105608011045871,0.5689769208194445,0.9419060434095828,0.959752542823515
2022-10-01,671834.0,33499.0,652837.0,1358170.0,554148.0,1583.0,39546.0,595277.0,0.6952684152679852,0.547996626377875,0.9548771449746308,0.9428842129283936
2022-11-01,665696.0,34857.0,640466.0,1341019.0,555656.0,1352.0,45137.0,602145.0,0.690121369066121,0.5450484381243081,0.9626612168245464,0.9341645237841725
2022-12-01,624143.0,29932.0,679839.0,1333914.0,633276.0,1065.0,77540.0,711881.0,0.652027207027097,0.4963683545421216,0.9656418363067394,0.8976206100248356
2023-01-01,632299.0,34327.0,607412.0,1274038.0,457163.0,1452.0,24430.0,483045.0,0.7250869765400951,0.5803772871380553,0.9594175354258084,0.9613352705264924
2023-02-01,598368.0,33612.0,588390.0,1220370.0,455902.0,1752.0,28638.0,486292.0,0.7150625021240292,0.5675661832357934,0.9504580929759077,0.9535871953946985
2023-03-01,681584.0,38023.0,663719.0,1383326.0,517815.0,1376.0,31347.0,550538.0,0.7153171060633012,0.5682712758639952,0.9650752557171501,0.9549006856902797
2023-04-01,677126.0,34498.0,642255.0,1353879.0,434469.0,1430.0,24889.0,460788.0,0.7460757262902781,0.609148115995484,0.9601981741260298,0.9626932116604511
2023-05-01,740295.0,37249.0,703900.0,1481444.0,485602.0,1629.0,33062.0,520293.0,0.740079241179036,0.6038802607396869,0.9580996964864448,0.9551374426361197
2023-06-01,835710.0,44292.0,753253.0,1633255.0,553299.0,1904.0,37268.0,592471.0,0.7338077553121992,0.6016591685151068,0.9587843103298987,0.9528564073566673
2023-07-01,840480.0,43664.0,744370.0,1628514.0,539374.0,1849.0,30050.0,571273.0,0.7403053113778744,0.6091079201132873,0.9593742447212884,0.9611967666124326
2023-08-01,782195.0,42366.0,716282.0,1540843.0,541452.0,1557.0,26009.0,569018.0,0.7303054561414235,0.5909392761060918,0.9645516016665528,0.9649611809923602
2023-09-01,789191.0,40887.0,725815.0,1555893.0,579854.0,1744.0,32555.0,614153.0,0.7169861837030183,0.5764536593026526,0.9590908024676879,0.9570724052902937
2023-10-01,789741.0,42864.0,731416.0,1564021.0,623856.0,1905.0,34538.0,660299.0,0.7031456804776292,0.5586747849634656,0.9574482342692489,0.9549085193105591
2023-11-01,767456.0,40477.0,705451.0,1513384.0,618552.0,1888.0,33760.0,654200.0,0.6981893204600145,0.5537168616631362,0.9554349108934261,0.9543296839468027
2023-12-01,756842.0,37711.0,724103.0,1518656.0,627378.0,1571.0,37313.0,666262.0,0.6950631556882226,0.546764242678187,0.9600071279466422,0.9509952509534867
2024-01-01,774998.0,41099.0,753621.0,1569718.0,622977.0,1736.0,36394.0,661107.0,0.7036490984277117,0.5543718592964824,0.9594723940702696,0.9539325202686025
2024-02-01,760821.0,41485.0,729584.0,1531890.0,586821.0,2383.0,36728.0,625932.0,0.7099241735416545,0.5645572043613957,0.9456779429196681,0.952071741014104
2024-03-01,890891.0,46988.0,824268.0,1762147.0,571987.0,1934.0,34153.0,608074.0,0.7434526147561767,0.6089988365400258,0.9604676832508892,0.9602141606507762
2024-04-01,829073.0,49617.0,790293.0,1668983.0,542955.0,1878.0,26852.0,571685.0,0.7448595686643448,0.6042682802391788,0.9635304398485289,0.9671392470124641
2024-05-01,878926.0,49209.0,858972.0,1787107.0,593795.0,2037.0,33353.0,629185.0,0.7396072163463687,0.5968041468818601,0.9602505561409671,0.9626223629283053
2024-06-01,850605.0,47528.0,812976.0,1711109.0,555053.0,1854.0,26049.0,582956.0,0.7458851427487887,0.605129412702094,0.9624559556113563,0.9689532493072316
2024-07-01,874669.0,49675.0,824327.0,1748671.0,550900.0,1824.0,23437.0,576161.0,0.7521709095538947,0.6135578144586478,0.9645818365405153,0.9723543344610056
2024-08-01,825658.0,46827.0,776922.0,1649407.0,494499.0,1560.0,15325.0,511384.0,0.7633348158151344,0.6254240972853986,0.967759935519871,0.9806562852241788
2024-09-01,815960.0,46361.0,781008.0,1643329.0,548522.0,2173.0,20193.0,570888.0,0.7421716119061501,0.5979998270405912,0.955227263361767,0.9747965866243302
2024-10-01,844129.0,47534.0,833531.0,1725194.0,609113.0,2183.0,24046.0,635342.0,0.7308484174780643,0.580859209959525,0.956091477764145,0.9719605353221926
2024-11-01,813728.0,45247.0,812027.0,1671002.0,614322.0,2016.0,27658.0,643996.0,0.7218157423894103,0.5698175834179475,0.9573450690815225,0.9670614575703984
2024-12-01,796929.0,42485.0,829047.0,1668461.0,643382.0,1556.0,32535.0,677473.0,0.7112139557208345,0.5533034184978105,0.9646692854385686,0.9622380690404395
2025-01-01,784388.0,47561.0,787435.0,1619384.0,574638.0,1925.0,22183.0,598746.0,0.7300672187833896,0.5771692373803003,0.9611001091217718,0.9726006585821956
2025-02-01,741834.0,43801.0,748290.0,1533925.0,529502.0,1881.0,22763.0,554146.0,0.7346134302904451,0.5835074284060233,0.958824044481415,0.9704780345838743
2025-03-01,883691.0,48929.0,858696.0,1791316.0,566995.0,2308.0,28445.0,597748.0,0.7497982473470782,0.6091538761661724,0.9549544274645276,0.9679363257926304
2025-04-01,836155.0,47469.0,834475.0,1718099.0,552458.0,2269.0,24595.0,579322.0,0.7478381193520909,0.602151211316616,0.9543809562105432,0.9713702026610171
2025-05-01,889677.0,48622.0,869495.0,1807794.0,563803.0,2297.0,23635.0,589735.0,0.7540238303686838,0.6121013017034979,0.9548891376499932,0.9735368871272939
2025-06-01,881692.0,49575.0,845505.0,1776772.0,546871.0,2043.0,25895.0,574809.0,0.7555648731640543,0.6171880414094443,0.9604207834476346,0.9702834519164563
2025-07-01,926890.0,50559.0,863113.0,1840562.0,542160.0,2430.0,23714.0,568304.0,0.7640782011120585,0.6309451686464042,0.9541414255788937,0.973259722583999
2025-08-01,858328.0,46811.0,814927.0,1720066.0,525542.0,2273.0,19056.0,546871.0,0.7587621535137501,0.6202374500494988,0.9536916306739467,0.9771506133818075
2025-09-01,865776.0,48582.0,819473.0,1733831.0,551664.0,2151.0,22576.0,576391.0,0.7505040641115875,0.6108025736539113,0.9576015611140678,0.9731892087040065
2025-10-01,890610.0,51856.0,835361.0,1777827.0,590612.0,2900.0,26362.0,619874.0,0.7414715179248789,0.6012670619258963,0.9470377675505881,0.9694078027393954
2025-11-01,873886.0,47250.0,819562.0,1740698.0,575072.0,2475.0,27615.0,605162.0,0.742029788648939,0.6031134097744724,0.9502262443438914,0.9674035059969759
2025-12-01,858176.0,45482.0,814830.0,1718488.0,580745.0,2040.0,25742.0,608527.0,0.738494595006908,0.5964024432196069,0.9570725137830899,0.9693756156521988
2026-01-01,823308.0,48226.0,809750.0,1681284.0,612419.0,2484.0,24079.0,638982.0,0.7246082992208652,0.5734432799550332,0.9510155787813055,0.971122376410511
